"id_number","policy_number","amount","payment_date"
"9209097510182","CMB_1",448,"2023-09-25"
"8802225084186","CMB_1",218,"2023-09-25"
"2001014800086","PET_1",3547,"2023-09-25"
"9905027771188","FB_2",75000,"2023-09-25"
"082598916","MTB_1",178,"2023-09-25"
"493545611","MTB_1",178,"2023-09-25"
"418910378","MTB_1",178,"2023-09-25"
"091297116","MTB_1",178,"2023-09-25"
"862439179","MTB_1",178,"2023-09-25"
"626629435","MTB_1",178,"2023-09-25"
"479703031","MTB_1",178,"2023-09-25"
"922785776","MTB_1",178,"2023-09-25"
"718632708","MTB_1",178,"2023-09-25"
"411428096","MTB_1",178,"2023-09-25"
"692607506","MTB_1",178,"2023-09-25"
"156315429","MTB_1",178,"2023-09-25"
"737372204","MTB_1",178,"2023-09-25"
"165052252","MTB_1",178,"2023-09-25"
"189949481","MTB_1",178,"2023-09-25"
"440074820","MTB_1",178,"2023-09-25"
"318944899","MTB_1",178,"2023-09-25"
"042959072","MTB_1",178,"2023-09-25"
"913898664","MTB_1",178,"2023-09-25"
"316174624","MTB_1",178,"2023-09-25"
"242479567","MTB_1",178,"2023-09-25"
"535356966","MTB_1",178,"2023-09-25"
"655959249","MTB_1",178,"2023-09-25"
"146305714","MTB_1",178,"2023-09-25"
"663611859","MTB_1",178,"2023-09-25"
"593358177","MTB_1",178,"2023-09-25"
"298023559","MTB_1",178,"2023-09-25"
"794327315","MTB_1",178,"2023-09-25"
"230763484","MTB_1",178,"2023-09-25"
"020715053","MTB_1",178,"2023-09-25"
"848222855","MTB_1",178,"2023-09-25"
"350004161","MTB_1",178,"2023-09-25"
"503587244","MTB_1",178,"2023-09-25"
"716339781","MTB_1",178,"2023-09-25"
"245140828","MTB_1",178,"2023-09-25"
"787002171","MTB_1",178,"2023-09-25"
"611156352","MTB_1",178,"2023-09-25"
"653815476","MTB_1",178,"2023-09-25"
"901419137","MTB_1",178,"2023-09-25"
"136754881","MTB_1",178,"2023-09-25"
"357533519","MTB_1",178,"2023-09-25"
"899761889","MTB_1",178,"2023-09-25"
"025053862","MTB_1",178,"2023-09-25"
"343786197","MTB_1",178,"2023-09-25"
"545734308","MTB_1",178,"2023-09-25"
"841309776","MTB_1",178,"2023-09-25"
"878523568","MTB_1",178,"2023-09-25"
"138453547","MTB_1",178,"2023-09-25"
"161287311","MTB_1",178,"2023-09-25"
"649522492","MTB_1",178,"2023-09-25"
"016824738","MTB_1",178,"2023-09-25"
"252025192","MTB_1",178,"2023-09-25"
"411403294","MTB_1",178,"2023-09-25"
"541632390","MTB_1",178,"2023-09-25"
"344501723","MTB_1",178,"2023-09-25"
"628749959","MTB_1",178,"2023-09-25"
"293347166","MTB_1",178,"2023-09-25"
"911362583","MTB_1",178,"2023-09-25"
"281287588","MTB_1",178,"2023-09-25"
"935907767","MTB_1",178,"2023-09-25"
"487790579","MTB_1",178,"2023-09-25"
"072866035","MTB_1",178,"2023-09-25"
"838502355","MTB_1",178,"2023-09-25"
"770765916","MTB_1",178,"2023-09-25"
"567050692","MTB_1",178,"2023-09-25"
"869211009","MTB_1",178,"2023-09-25"
"103965207","MTB_1",178,"2023-09-25"
"501983459","MTB_1",178,"2023-09-25"
"875513235","MTB_1",178,"2023-09-25"
"936065704","MTB_1",178,"2023-09-25"
"802184298","MTB_1",178,"2023-09-25"
"990425719","MTB_1",178,"2023-09-25"
"675355977","MTB_1",178,"2023-09-25"
"595170067","MTB_1",178,"2023-09-25"
"417571822","MTB_1",178,"2023-09-25"
"037755311","MTB_1",178,"2023-09-25"
"876192196","MTB_1",178,"2023-09-25"
"436730072","MTB_1",178,"2023-09-25"
"211939067","MTB_1",178,"2023-09-25"
"438454239","MTB_1",178,"2023-09-25"
"606810592","MTB_1",178,"2023-09-25"
"779157209","MTB_1",178,"2023-09-25"
"408593392","MTB_1",178,"2023-09-25"
"974547779","MTB_1",178,"2023-09-25"
"102657174","MTB_1",178,"2023-09-25"
"498562858","MTB_1",178,"2023-09-25"
"850431968","MTB_1",178,"2023-09-25"
"523195242","MTB_1",178,"2023-09-25"
"595428961","MTB_1",178,"2023-09-25"
"094618640","MTB_1",178,"2023-09-25"
"736599644","MTB_1",178,"2023-09-25"
"089194270","MTB_1",178,"2023-09-25"
"449581949","MTB_1",178,"2023-09-25"
"242114807","MTB_1",178,"2023-09-25"
"764345100","MTB_1",178,"2023-09-25"
"058019124","MTB_1",178,"2023-09-25"
"410277322","MTB_1",178,"2023-09-25"
"429756601","MTB_1",178,"2023-09-25"
"556857057","MTB_1",178,"2023-09-25"
"724457754","MTB_1",178,"2023-09-25"
"819078972","CMB_2",250,"2023-09-25"
"151039826","CMB_2",250,"2023-09-25"
"067410206","CMB_2",250,"2023-09-25"
"207955682","CMB_2",250,"2023-09-25"
"090515651","CMB_2",250,"2023-09-25"
"096570253","CMB_2",250,"2023-09-25"
"157353887","CMB_2",250,"2023-09-25"
"627470425","CMB_2",250,"2023-09-25"
"555316234","CMB_2",250,"2023-09-25"
"794273312","CMB_2",250,"2023-09-25"
"414586231","CMB_2",250,"2023-09-25"
"167606824","CMB_2",250,"2023-09-25"
"259254722","CMB_2",250,"2023-09-25"
"889374031","CMB_2",250,"2023-09-25"
"111021316","CMB_2",250,"2023-09-25"
"374603948","CMB_2",250,"2023-09-25"
"005983455","CMB_2",250,"2023-09-25"
"301785629","CMB_2",250,"2023-09-25"
"899099339","CMB_2",250,"2023-09-25"
"795870305","CMB_2",250,"2023-09-25"
"829369448","CMB_2",250,"2023-09-25"
"091860799","CMB_2",250,"2023-09-25"
"020181320","CMB_2",250,"2023-09-25"
"765859214","CMB_2",250,"2023-09-25"
"056717317","CMB_2",250,"2023-09-25"
"620836625","CMB_2",250,"2023-09-25"
"031015128","CMB_2",250,"2023-09-25"
"455393634","CMB_2",250,"2023-09-25"
"003189901","CMB_2",250,"2023-09-25"
"306968763","CMB_2",250,"2023-09-25"
"111256865","CMB_2",250,"2023-09-25"
"101004624","CMB_2",250,"2023-09-25"
"667539907","CMB_2",250,"2023-09-25"
"594154283","CMB_2",250,"2023-09-25"
"950815224","CMB_2",250,"2023-09-25"
"763325199","CMB_2",250,"2023-09-25"
"090524354","CMB_2",250,"2023-09-25"
"056979058","CMB_2",250,"2023-09-25"
"947643045","CMB_2",250,"2023-09-25"
"323618847","CMB_2",250,"2023-09-25"
"718262607","CMB_2",250,"2023-09-25"
"887530856","CMB_2",250,"2023-09-25"
"654638139","CMB_2",250,"2023-09-25"
"329637887","CMB_2",250,"2023-09-25"
"409053949","CMB_2",250,"2023-09-25"
"119557083","CMB_2",250,"2023-09-25"
"105582078","CMB_2",250,"2023-09-25"
"204826353","CMB_2",250,"2023-09-25"
"151664839","CMB_2",250,"2023-09-25"
"120280414","CMB_2",250,"2023-09-25"
"710118359","CMB_2",250,"2023-09-25"
"890455907","CMB_2",250,"2023-09-25"
"751071794","CMB_2",250,"2023-09-25"
"095523208","CMB_2",250,"2023-09-25"
"564588273","CMB_2",250,"2023-09-25"
"842655172","CMB_2",250,"2023-09-25"
"860962188","CMB_2",250,"2023-09-25"
"077841236","CMB_2",250,"2023-09-25"
"054910133","CMB_2",250,"2023-09-25"
"933570293","CMB_2",250,"2023-09-25"
"335538241","CMB_2",250,"2023-09-25"
"645570497","CMB_2",250,"2023-09-25"
"544017789","CMB_2",250,"2023-09-25"
"049208105","CMB_2",250,"2023-09-25"
"392030954","CMB_2",250,"2023-09-25"
"661440516","CMB_2",250,"2023-09-25"
"181234622","CMB_2",250,"2023-09-25"
"499591666","CMB_2",250,"2023-09-25"
"019205636","CMB_2",250,"2023-09-25"
"382015655","CMB_2",250,"2023-09-25"
"789430682","CMB_2",250,"2023-09-25"
"780814121","CMB_2",250,"2023-09-25"
"428831977","CMB_2",250,"2023-09-25"
"682623225","CMB_2",250,"2023-09-25"
"497177337","CMB_2",250,"2023-09-25"
"551452998","CMB_2",250,"2023-09-25"
"184120556","CMB_2",250,"2023-09-25"
"388649000","CMB_2",250,"2023-09-25"
"841403133","CMB_2",250,"2023-09-25"
"162123706","CMB_2",250,"2023-09-25"
"510851703","CMB_2",250,"2023-09-25"
"149256272","CMB_2",250,"2023-09-25"
"808163000","CMB_2",250,"2023-09-25"
"374133017","CMB_2",250,"2023-09-25"
"786452553","CMB_2",250,"2023-09-25"
"234336573","CMB_2",250,"2023-09-25"
"454090836","CMB_2",250,"2023-09-25"
"228136206","CMB_2",250,"2023-09-25"
"467764708","CMB_2",250,"2023-09-25"
"321283141","CMB_2",250,"2023-09-25"
"989731768","CMB_2",250,"2023-09-25"
"861899968","CMB_2",250,"2023-09-25"
"809039890","CMB_2",250,"2023-09-25"
"348687982","CMB_2",250,"2023-09-25"
"221337528","CMB_2",250,"2023-09-25"
"078201077","CMB_2",250,"2023-09-25"
"881859690","CMB_2",250,"2023-09-25"
"241711014","CMB_2",250,"2023-09-25"
"588983944","CMB_2",250,"2023-09-25"
"043416723","CMB_2",250,"2023-09-25"
"618328557","CMB_2",250,"2023-09-25"
"158751650","CMB_2",250,"2023-09-25"
"559164542","CMB_2",250,"2023-09-25"
"629664400","CMB_2",250,"2023-09-25"
"423500947","CMB_2",250,"2023-09-25"
"239044116","CMB_2",250,"2023-09-25"
"832201173","CMB_2",250,"2023-09-25"
"252532650","CMB_2",250,"2023-09-25"
"953178026","CMB_2",250,"2023-09-25"
"030717379","CMB_2",250,"2023-09-25"
"832382870","CMB_2",250,"2023-09-25"
"758277435","CMB_2",250,"2023-09-25"
"576535473","CMB_2",250,"2023-09-25"
"575512831","CMB_2",250,"2023-09-25"
"423595398","CMB_2",250,"2023-09-25"
"575732680","CMB_2",250,"2023-09-25"
"372514126","CMB_2",250,"2023-09-25"
"656661800","CMB_2",250,"2023-09-25"
"440071344","CMB_2",250,"2023-09-25"
"002435007","CMB_2",250,"2023-09-25"
"639762253","CMB_2",250,"2023-09-25"
"737975716","CMB_2",250,"2023-09-25"
"321172582","CMB_2",250,"2023-09-25"
"805403321","CMB_2",250,"2023-09-25"
"259842335","CMB_2",250,"2023-09-25"
"746568108","CMB_2",250,"2023-09-25"
"677035091","CMB_2",250,"2023-09-25"
"434091659","CMB_2",250,"2023-09-25"
"459393923","CMB_2",250,"2023-09-25"
"324858076","CMB_2",250,"2023-09-25"
"337516557","CMB_2",250,"2023-09-25"
"300312884","CMB_2",250,"2023-09-25"
"253583217","CMB_2",250,"2023-09-25"
"018559386","CMB_2",250,"2023-09-25"
"899147344","CMB_2",250,"2023-09-25"
"288335974","CMB_2",250,"2023-09-25"
"812630033","CMB_2",250,"2023-09-25"
"114418419","CMB_2",250,"2023-09-25"
"826190522","CMB_2",250,"2023-09-25"
"875770565","CMB_2",250,"2023-09-25"
"211493756","CMB_2",250,"2023-09-25"
"763301474","CMB_2",250,"2023-09-25"
"436263761","CMB_2",250,"2023-09-25"
"596361848","CMB_2",250,"2023-09-25"
"104557352","CMB_2",250,"2023-09-25"
"482561520","CMB_2",250,"2023-09-25"
"712876521","CMB_2",250,"2023-09-25"
"415583778","CMB_2",250,"2023-09-25"
"875475471","CMB_2",250,"2023-09-25"
"990556805","CMB_2",250,"2023-09-25"
"790152707","CMB_2",250,"2023-09-25"
"955779681","CMB_2",250,"2023-09-25"
"876469784","CMB_2",250,"2023-09-25"
"301325050","CMB_2",250,"2023-09-25"
"202749453","CMB_2",250,"2023-09-25"
"608220343","CMB_2",250,"2023-09-25"
"285017167","CMB_2",250,"2023-09-25"
"221911386","CMB_2",250,"2023-09-25"
"909960351","CMB_2",250,"2023-09-25"
"112284241","CMB_2",250,"2023-09-25"
"895870325","CMB_2",250,"2023-09-25"
"155740000","CMB_2",250,"2023-09-25"
"323646776","CMB_2",250,"2023-09-25"
"819014756","CMB_2",250,"2023-09-25"
"622720730","CMB_2",250,"2023-09-25"
"666320245","CMB_2",250,"2023-09-25"
"755924496","CMB_2",250,"2023-09-25"
"813654807","CMB_2",250,"2023-09-25"
"209064069","CMB_2",250,"2023-09-25"
"653791121","CMB_2",250,"2023-09-25"
"854024761","CMB_2",250,"2023-09-25"
"393101819","CMB_2",250,"2023-09-25"
"221764377","CMB_2",250,"2023-09-25"
"482658958","CMB_2",250,"2023-09-25"
"582605564","CMB_2",250,"2023-09-25"
"653245449","CMB_2",250,"2023-09-25"
"539571016","CMB_2",250,"2023-09-25"
"294337779","CMB_2",250,"2023-09-25"
"954598477","CMB_2",250,"2023-09-25"
"263475261","CMB_2",250,"2023-09-25"
"913225488","CMB_2",250,"2023-09-25"
"372887475","CMB_2",250,"2023-09-25"
"401804703","CMB_2",250,"2023-09-25"
"295957163","CMB_2",250,"2023-09-25"
"788927172","CMB_2",250,"2023-09-25"
"693111665","CMB_2",250,"2023-09-25"
"516569169","CMB_2",250,"2023-09-25"
"373078106","CMB_2",250,"2023-09-25"
"082274737","CMB_2",250,"2023-09-25"
"282049396","CMB_2",250,"2023-09-25"
"549490033","CMB_2",250,"2023-09-25"
"346038447","CMB_2",250,"2023-09-25"
"068175487","CMB_2",250,"2023-09-25"
"215773655","CMB_2",250,"2023-09-25"
"172232071","CMB_2",250,"2023-09-25"
"896276091","CMB_2",250,"2023-09-25"
"046586728","CMB_2",250,"2023-09-25"
"560058418","CMB_2",250,"2023-09-25"
"004780231","CMB_2",250,"2023-09-25"
"811740420","CMB_2",250,"2023-09-25"
"675449124","CMB_2",250,"2023-09-25"
"518960195","CMB_2",250,"2023-09-25"
"643424233","CMB_2",250,"2023-09-25"
"159956837","CMB_2",250,"2023-09-25"
"516188786","CMB_2",250,"2023-09-25"
"027669901","CMB_2",250,"2023-09-25"
"603164693","CMB_2",250,"2023-09-25"
"112160387","CMB_2",250,"2023-09-25"
"941547396","CMB_2",250,"2023-09-25"
"104093213","CMB_2",250,"2023-09-25"
"172020149","CMB_2",250,"2023-09-25"
"865230300","CMB_2",250,"2023-09-25"
"361118995","CMB_2",250,"2023-09-25"
"588074962","CMB_2",250,"2023-09-25"
"779194576","CMB_2",250,"2023-09-25"
"741609229","CMB_2",250,"2023-09-25"
"405108837","CMB_2",250,"2023-09-25"
"828775337","CMB_2",250,"2023-09-25"
"546464367","CMB_2",250,"2023-09-25"
"208956888","CMB_2",250,"2023-09-25"
"222919368","CMB_2",250,"2023-09-25"
"128828575","CMB_2",250,"2023-09-25"
"102575524","CMB_2",250,"2023-09-25"
"201798736","CMB_2",250,"2023-09-25"
"167467171","CMB_2",250,"2023-09-25"
"755446990","CMB_2",250,"2023-09-25"
"159583208","CMB_2",250,"2023-09-25"
"359972625","CMB_2",250,"2023-09-25"
"710960444","CMB_2",250,"2023-09-25"
"916437764","CMB_2",250,"2023-09-25"
"767213548","CMB_2",250,"2023-09-25"
"372800171","CMB_2",250,"2023-09-25"
"749155078","CMB_2",250,"2023-09-25"
"376647835","CMB_2",250,"2023-09-25"
"661732254","CMB_2",250,"2023-09-25"
"686782793","CMB_2",250,"2023-09-25"
"612215341","CMB_2",250,"2023-09-25"
"615835673","CMB_2",250,"2023-09-25"
"281935616","CMB_2",250,"2023-09-25"
"216765095","CMB_2",250,"2023-09-25"
"886763987","CMB_2",250,"2023-09-25"
"047784805","CMB_2",250,"2023-09-25"
"709593214","CMB_2",250,"2023-09-25"
"099953247","CMB_2",250,"2023-09-25"
"202479883","CMB_2",250,"2023-09-25"
"049356151","CMB_2",250,"2023-09-25"
"249499655","CMB_2",250,"2023-09-25"
"148794684","CMB_2",250,"2023-09-25"
"956918569","CMB_2",250,"2023-09-25"
"250021044","CMB_2",250,"2023-09-25"
"627624122","CMB_2",250,"2023-09-25"
"469314890","CMB_2",250,"2023-09-25"
"160834309","CMB_2",250,"2023-09-25"
"878176649","CMB_2",250,"2023-09-25"
"374050595","CMB_2",250,"2023-09-25"
"719455428","CMB_2",250,"2023-09-25"
"956219988","CMB_2",250,"2023-09-25"
"782861555","CMB_2",250,"2023-09-25"
"632791976","CMB_2",250,"2023-09-25"
"900043663","CMB_2",250,"2023-09-25"
"846197321","CMB_2",250,"2023-09-25"
"968613141","CMB_2",250,"2023-09-25"
"202867713","CMB_2",250,"2023-09-25"
"674362244","CMB_2",250,"2023-09-25"
"074236490","CMB_2",250,"2023-09-25"
"810214460","CMB_2",250,"2023-09-25"
"808813914","CMB_2",250,"2023-09-25"
"457101246","CMB_2",250,"2023-09-25"
"623817898","CMB_2",250,"2023-09-25"
"567119923","CMB_2",250,"2023-09-25"
"572586499","CMB_2",250,"2023-09-25"
"297491374","CMB_2",250,"2023-09-25"
"974768636","CMB_2",250,"2023-09-25"
"830689238","CMB_2",250,"2023-09-25"
"242904139","CMB_2",250,"2023-09-25"
"166419463","CMB_2",250,"2023-09-25"
"229660915","CMB_2",250,"2023-09-25"
"429362785","CMB_2",250,"2023-09-25"
"439617329","CMB_2",250,"2023-09-25"
"537936381","CMB_2",250,"2023-09-25"
"692079768","CMB_2",250,"2023-09-25"
"419064725","CMB_2",250,"2023-09-25"
"661532246","CMB_2",250,"2023-09-25"
"977127373","CMB_2",250,"2023-09-25"
"962045677","CMB_2",250,"2023-09-25"
"238017021","CMB_2",250,"2023-09-25"
"760822203","CMB_2",250,"2023-09-25"
"510226288","CMB_2",250,"2023-09-25"
"838358873","CMB_2",250,"2023-09-25"
"808370632","CMB_2",250,"2023-09-25"
"330863026","CMB_2",250,"2023-09-25"
"073983911","CMB_2",250,"2023-09-25"
"082561016","CMB_2",250,"2023-09-25"
"908350512","CMB_2",250,"2023-09-25"
"525986794","CMB_2",250,"2023-09-25"
"423672031","CMB_2",250,"2023-09-25"
"596362506","CMB_2",250,"2023-09-25"
"968598622","CMB_2",250,"2023-09-25"
"993224301","CMB_2",250,"2023-09-25"
"595935128","CMB_2",250,"2023-09-25"
"990156748","CMB_2",250,"2023-09-25"
"598339276","CMB_2",250,"2023-09-25"
"661467973","CMB_2",250,"2023-09-25"
"149106795","CMB_2",250,"2023-09-25"
"278121724","CMB_2",250,"2023-09-25"
"478188397","CMB_2",250,"2023-09-25"
"159967881","CMB_2",250,"2023-09-25"
"248330729","CMB_2",250,"2023-09-25"
"083866098","CMB_2",250,"2023-09-25"
"197052728","CMB_2",250,"2023-09-25"
"744030881","CMB_2",250,"2023-09-25"
"993255340","CMB_2",250,"2023-09-25"
"838360723","CMB_2",250,"2023-09-25"
"977153205","CMB_2",250,"2023-09-25"
"120725128","CMB_2",250,"2023-09-25"
"014555619","CMB_2",250,"2023-09-25"
"687909028","CMB_2",250,"2023-09-25"
"293380777","CMB_2",250,"2023-09-25"
"612188351","CMB_2",250,"2023-09-25"
"144926067","CMB_2",250,"2023-09-25"
"055582026","CMB_2",250,"2023-09-25"
"062399160","CMB_2",250,"2023-09-25"
"514530451","CMB_2",250,"2023-09-25"
"218725584","CMB_2",250,"2023-09-25"
"687098360","CMB_2",250,"2023-09-25"
"090517395","CMB_2",250,"2023-09-25"
"235491223","CMB_2",250,"2023-09-25"
"605221563","CMB_2",250,"2023-09-25"
"479246448","CMB_2",250,"2023-09-25"
"659113167","CMB_2",250,"2023-09-25"
"999401304","CMB_2",250,"2023-09-25"
"988768796","CMB_2",250,"2023-09-25"
"680369882","CMB_2",250,"2023-09-25"
"907089054","CMB_2",250,"2023-09-25"
"823386910","CMB_2",250,"2023-09-25"
"797422992","CMB_2",250,"2023-09-25"
"916513262","CMB_2",250,"2023-09-25"
"204562039","CMB_2",250,"2023-09-25"
"199790856","CMB_2",250,"2023-09-25"
"495101415","CMB_2",250,"2023-09-25"
"769224980","CMB_2",250,"2023-09-25"
"692311712","CMB_2",250,"2023-09-25"
"373822599","CMB_2",250,"2023-09-25"
"091134531","CMB_2",250,"2023-09-25"
"574326291","CMB_2",250,"2023-09-25"
"982360598","CMB_2",250,"2023-09-25"
"274637716","CMB_2",250,"2023-09-25"
"058099257","CMB_2",250,"2023-09-25"
"077922543","CMB_2",250,"2023-09-25"
"207566433","CMB_2",250,"2023-09-25"
"049131047","CMB_2",250,"2023-09-25"
"181045514","CMB_2",250,"2023-09-25"
"571729128","CMB_2",250,"2023-09-25"
"786747400","CMB_2",250,"2023-09-25"
"429441468","CMB_2",250,"2023-09-25"
"997913253","CMB_2",250,"2023-09-25"
"117230885","CMB_2",250,"2023-09-25"
"636313757","CMB_2",250,"2023-09-25"
"462497457","CMB_2",250,"2023-09-25"
"917976993","CMB_2",250,"2023-09-25"
"550317465","CMB_2",250,"2023-09-25"
"979065784","CMB_2",250,"2023-09-25"
"617541604","CMB_2",250,"2023-09-25"
"645536966","CMB_2",250,"2023-09-25"
"318421262","CMB_2",250,"2023-09-25"
"844343298","CMB_2",250,"2023-09-25"
"653819286","CMB_2",250,"2023-09-25"
"395696798","CMB_2",250,"2023-09-25"
"916123920","CMB_2",250,"2023-09-25"
"885019186","CMB_2",250,"2023-09-25"
"949447144","CMB_2",250,"2023-09-25"
"562509471","CMB_2",250,"2023-09-25"
"748922523","CMB_2",250,"2023-09-25"
"099352606","CMB_2",250,"2023-09-25"
"880774239","CMB_2",250,"2023-09-25"
"653555253","CMB_2",250,"2023-09-25"
"709440513","CMB_2",250,"2023-09-25"
"652716518","CMB_2",250,"2023-09-25"
"199840543","CMB_2",250,"2023-09-25"
"344761586","CMB_2",250,"2023-09-25"
"656072972","CMB_2",250,"2023-09-25"
"793011454","CMB_2",250,"2023-09-25"
"878429735","CMB_2",250,"2023-09-25"
"869954659","CMB_2",250,"2023-09-25"
"794314745","CMB_2",250,"2023-09-25"
"153322224","CMB_2",250,"2023-09-25"
"299167621","CMB_2",250,"2023-09-25"
"072989531","CMB_2",250,"2023-09-25"
"313674225","CMB_2",250,"2023-09-25"
"917342005","CMB_2",250,"2023-09-25"
"304499970","CMB_2",250,"2023-09-25"
"340555790","CMB_2",250,"2023-09-25"
"922002369","CMB_2",250,"2023-09-25"
"243501319","CMB_2",250,"2023-09-25"
"151004288","CMB_2",250,"2023-09-25"
"120489005","CMB_2",250,"2023-09-25"
"065262585","CMB_2",250,"2023-09-25"
"898908394","CMB_2",250,"2023-09-25"
"696720816","CMB_2",250,"2023-09-25"
"385725612","CMB_2",250,"2023-09-25"
"601260457","CMB_2",250,"2023-09-25"
"842715092","CMB_2",250,"2023-09-25"
"890383267","CMB_2",250,"2023-09-25"
"969987949","CMB_2",250,"2023-09-25"
"062895887","CMB_2",250,"2023-09-25"
"232586864","CMB_2",250,"2023-09-25"
"697489838","CMB_2",250,"2023-09-25"
"942171821","CMB_2",250,"2023-09-25"
"137281471","CMB_2",250,"2023-09-25"
"489026602","CMB_2",250,"2023-09-25"
"917037841","CMB_2",250,"2023-09-25"
"842855145","CMB_2",250,"2023-09-25"
"263794259","CMB_2",250,"2023-09-25"
"567737852","CMB_2",250,"2023-09-25"
"668229871","CMB_2",250,"2023-09-25"
"426114372","CMB_2",250,"2023-09-25"
"451178151","CMB_2",250,"2023-09-25"
"999181190","CMB_2",250,"2023-09-25"
"540026229","CMB_2",250,"2023-09-25"
"135323389","CMB_2",250,"2023-09-25"
"746026498","CMB_2",250,"2023-09-25"
"964407294","CMB_2",250,"2023-09-25"
"055409593","CMB_2",250,"2023-09-25"
"325110547","CMB_2",250,"2023-09-25"
"614515143","CMB_2",250,"2023-09-25"
"949047228","CMB_2",250,"2023-09-25"
"735584975","CMB_2",250,"2023-09-25"
"602221977","CMB_2",250,"2023-09-25"
"275176975","CMB_2",250,"2023-09-25"
"217844375","CMB_2",250,"2023-09-25"
"182315696","CMB_2",250,"2023-09-25"
"553021737","CMB_2",250,"2023-09-25"
"087662419","CMB_2",250,"2023-09-25"
"273087795","CMB_2",250,"2023-09-25"
"596260723","CMB_2",250,"2023-09-25"
"118251194","CMB_2",250,"2023-09-25"
"084022055","CMB_2",250,"2023-09-25"
"567097212","CMB_2",250,"2023-09-25"
"480694668","CMB_2",250,"2023-09-25"
"279862831","CMB_2",250,"2023-09-25"
"176388600","CMB_2",250,"2023-09-25"
"874101984","CMB_2",250,"2023-09-25"
"373300654","CMB_2",250,"2023-09-25"
"626373880","CMB_2",250,"2023-09-25"
"160669726","CMB_2",250,"2023-09-25"
"651988604","CMB_2",250,"2023-09-25"
"954947840","CMB_2",250,"2023-09-25"
"063490519","CMB_2",250,"2023-09-25"
"746383848","CMB_2",250,"2023-09-25"
"457381404","CMB_2",250,"2023-09-25"
"303521159","CMB_2",250,"2023-09-25"
"057161375","CMB_2",250,"2023-09-25"
"618665056","CMB_2",250,"2023-09-25"
"828456588","CMB_2",250,"2023-09-25"
"145095948","CMB_2",250,"2023-09-25"
"509849677","CMB_2",250,"2023-09-25"
"035861808","CMB_2",250,"2023-09-25"
"832698912","CMB_2",250,"2023-09-25"
"732507824","CMB_2",250,"2023-09-25"
"400525001","CMB_2",250,"2023-09-25"
"873228480","CMB_2",250,"2023-09-25"
"926623090","CMB_2",250,"2023-09-25"
"103321366","CMB_2",250,"2023-09-25"
"562872261","CMB_2",250,"2023-09-25"
"973404929","CMB_2",250,"2023-09-25"
"550092865","CMB_2",250,"2023-09-25"
"047434568","CMB_2",250,"2023-09-25"
"067511365","CMB_2",250,"2023-09-25"
"911093609","CMB_2",250,"2023-09-25"
"443403211","CMB_2",250,"2023-09-25"
"956796107","CMB_2",250,"2023-09-25"
"984434161","CMB_2",250,"2023-09-25"
"777504758","CMB_2",250,"2023-09-25"
"836739938","CMB_2",250,"2023-09-25"
"077028351","CMB_2",250,"2023-09-25"
"388034777","CMB_2",250,"2023-09-25"
"543379844","CMB_2",250,"2023-09-25"
"136047130","CMB_2",250,"2023-09-25"
"597895178","CMB_2",250,"2023-09-25"
"555091887","CMB_2",250,"2023-09-25"
"214272566","CMB_2",250,"2023-09-25"
"583156046","CMB_2",250,"2023-09-25"
"589905676","CMB_2",250,"2023-09-25"
"217859873","CMB_2",250,"2023-09-25"
"157052845","CMB_2",250,"2023-09-25"
"202156379","CMB_2",250,"2023-09-25"
"033875557","CMB_2",250,"2023-09-25"
"294876239","CMB_2",250,"2023-09-25"
"422948710","CMB_2",250,"2023-09-25"
"642650613","CMB_2",250,"2023-09-25"
"383083963","CMB_2",250,"2023-09-25"
"127107203","CMB_2",250,"2023-09-25"
"271771252","CMB_2",250,"2023-09-25"
"022597323","CMB_2",250,"2023-09-25"
"311500483","CMB_2",250,"2023-09-25"
"957854118","CMB_2",250,"2023-09-25"
"048198788","CMB_2",250,"2023-09-25"
"048689140","CMB_2",250,"2023-09-25"
"169783944","CMB_2",250,"2023-09-25"
"808076149","CMB_2",250,"2023-09-25"
"231285547","CMB_2",250,"2023-09-25"
"684554931","CMB_2",250,"2023-09-25"
"146069563","CMB_2",250,"2023-09-25"
"557951638","CMB_2",250,"2023-09-25"
"810554425","CMB_2",250,"2023-09-25"
"567172509","CMB_2",250,"2023-09-25"
"226319183","CMB_2",250,"2023-09-25"
"450083859","CMB_2",250,"2023-09-25"
"327751680","CMB_2",250,"2023-09-25"
"405151645","CMB_2",250,"2023-09-25"
"043984171","CMB_2",250,"2023-09-25"
"264770070","CMB_2",250,"2023-09-25"
"086636951","CMB_2",250,"2023-09-25"
"836821910","CMB_2",250,"2023-09-25"
"542775506","CMB_2",250,"2023-09-25"
"658990150","CMB_2",250,"2023-09-25"
"450962205","CMB_2",250,"2023-09-25"
"102767499","CMB_2",250,"2023-09-25"
"922915360","CMB_2",250,"2023-09-25"
"348841697","CMB_2",250,"2023-09-25"
"586787098","CMB_2",250,"2023-09-25"
"688327187","CMB_2",250,"2023-09-25"
"367743642","CMB_2",250,"2023-09-25"
"699258057","CMB_2",250,"2023-09-25"
"660372580","CMB_2",250,"2023-09-25"
"796284297","CMB_2",250,"2023-09-25"
"357152486","CMB_2",250,"2023-09-25"
"304162562","CMB_2",250,"2023-09-25"
"755841172","CMB_2",250,"2023-09-25"
"211343263","CMB_2",250,"2023-09-25"
"512363825","CMB_2",250,"2023-09-25"
"206001602","CMB_2",250,"2023-09-25"
"568504181","CMB_2",250,"2023-09-25"
"472339476","CMB_2",250,"2023-09-25"
"488371626","CMB_2",250,"2023-09-25"
"222094419","CMB_2",250,"2023-09-25"
"207131077","CMB_2",250,"2023-09-25"
"912550626","CMB_2",250,"2023-09-25"
"278762113","CMB_2",250,"2023-09-25"
"465284728","CMB_2",250,"2023-09-25"
"310167511","CMB_2",250,"2023-09-25"
"922863528","CMB_2",250,"2023-09-25"
"516466250","CMB_2",250,"2023-09-25"
"004276029","CMB_2",250,"2023-09-25"
"596608647","CMB_2",250,"2023-09-25"
"931003920","CMB_2",250,"2023-09-25"
"495548974","CMB_2",250,"2023-09-25"
"555424808","CMB_2",250,"2023-09-25"
"300532132","CMB_2",250,"2023-09-25"
"934320322","CMB_2",250,"2023-09-25"
"970371343","CMB_2",250,"2023-09-25"
"813136703","CMB_2",250,"2023-09-25"
"864619981","CMB_2",250,"2023-09-25"
"005374156","CMB_2",250,"2023-09-25"
"234856225","CMB_2",250,"2023-09-25"
"179577714","CMB_2",250,"2023-09-25"
"220785036","CMB_2",250,"2023-09-25"
"146856703","CMB_2",250,"2023-09-25"
"922166405","CMB_2",250,"2023-09-25"
"292827784","CMB_2",250,"2023-09-25"
"056376367","CMB_2",250,"2023-09-25"
"068544500","CMB_2",250,"2023-09-25"
"615269913","CMB_2",250,"2023-09-25"
"429987419","CMB_2",250,"2023-09-25"
"627561938","CMB_2",250,"2023-09-25"
"761494851","CMB_2",250,"2023-09-25"
"258439093","CMB_2",250,"2023-09-25"
"362080178","CMB_2",250,"2023-09-25"
"240351660","CMB_2",250,"2023-09-25"
"608113064","CMB_2",250,"2023-09-25"
"452761526","CMB_2",250,"2023-09-25"
"209122260","CMB_2",250,"2023-09-25"
"903503592","CMB_2",250,"2023-09-25"
"163488785","CMB_2",250,"2023-09-25"
"770100177","CMB_2",250,"2023-09-25"
"724809677","CMB_2",250,"2023-09-25"
"419853926","CMB_2",250,"2023-09-25"
"509869958","CMB_2",250,"2023-09-25"
"173663366","CMB_2",250,"2023-09-25"
"393016241","CMB_2",250,"2023-09-25"
"299822400","CMB_2",250,"2023-09-25"
"624294998","CMB_2",250,"2023-09-25"
"292635538","CMB_2",250,"2023-09-25"
"653490385","CMB_2",250,"2023-09-25"
"971595578","CMB_2",250,"2023-09-25"
"186515016","CMB_2",250,"2023-09-25"
"947734063","CMB_2",250,"2023-09-25"
"243884212","CMB_2",250,"2023-09-25"
"414556980","CMB_2",250,"2023-09-25"
"837194324","CMB_2",250,"2023-09-25"
"497129445","CMB_2",250,"2023-09-25"
"311292921","CMB_2",250,"2023-09-25"
"010054888","CMB_2",250,"2023-09-25"
"860863753","CMB_2",250,"2023-09-25"
"706466303","CMB_2",250,"2023-09-25"
"699630951","CMB_2",250,"2023-09-25"
"971053279","CMB_2",250,"2023-09-25"
"809184088","CMB_2",250,"2023-09-25"
"198909781","CMB_2",250,"2023-09-25"
"228544372","CMB_2",250,"2023-09-25"
"872358323","CMB_2",250,"2023-09-25"
"835752358","CMB_2",250,"2023-09-25"
"158213420","CMB_2",250,"2023-09-25"
"450767403","CMB_2",250,"2023-09-25"
"608321121","CMB_2",250,"2023-09-25"
"510813920","CMB_2",250,"2023-09-25"
"783475200","CMB_2",250,"2023-09-25"
"222068170","CMB_2",250,"2023-09-25"
"411163738","CMB_2",250,"2023-09-25"
"839338989","CMB_2",250,"2023-09-25"
"179416585","CMB_2",250,"2023-09-25"
"474087650","CMB_2",250,"2023-09-25"
"655166639","CMB_2",250,"2023-09-25"
"976249020","CMB_2",250,"2023-09-25"
"718518260","CMB_2",250,"2023-09-25"
"901153724","CMB_2",250,"2023-09-25"
"210545210","CMB_2",250,"2023-09-25"
"215926644","CMB_2",250,"2023-09-25"
"473339456","CMB_2",250,"2023-09-25"
"816071916","CMB_2",250,"2023-09-25"
"534892352","CMB_2",250,"2023-09-25"
"562987737","CMB_2",250,"2023-09-25"
"294176820","CMB_2",250,"2023-09-25"
"769891702","CMB_2",250,"2023-09-25"
"527595612","CMB_2",250,"2023-09-25"
"738737217","CMB_2",250,"2023-09-25"
"508504669","CMB_2",250,"2023-09-25"
"970304824","CMB_2",250,"2023-09-25"
"823611320","CMB_2",250,"2023-09-25"
"857017703","CMB_2",250,"2023-09-25"
"344320216","CMB_2",250,"2023-09-25"
"523322618","CMB_2",250,"2023-09-25"
"580128966","CMB_2",250,"2023-09-25"
"717746701","CMB_2",250,"2023-09-25"
"618974021","CMB_2",250,"2023-09-25"
"208249146","CMB_2",250,"2023-09-25"
"097975977","CMB_2",250,"2023-09-25"
"307363645","CMB_2",250,"2023-09-25"
"724624779","CMB_2",250,"2023-09-25"
"304184961","CMB_2",250,"2023-09-25"
"889179402","CMB_2",250,"2023-09-25"
"887427722","CMB_2",250,"2023-09-25"
"705306997","CMB_2",250,"2023-09-25"
"550350016","CMB_2",250,"2023-09-25"
"924685464","CMB_2",250,"2023-09-25"
"226110403","CMB_2",250,"2023-09-25"
"971468914","CMB_2",250,"2023-09-25"
"884246966","CMB_2",250,"2023-09-25"
"560641553","CMB_2",250,"2023-09-25"
"112319790","CMB_2",250,"2023-09-25"
"058956629","CMB_2",250,"2023-09-25"
"608529464","CMB_2",250,"2023-09-25"
"841891558","CMB_2",250,"2023-09-25"
"592432650","CMB_2",250,"2023-09-25"
"926535947","CMB_2",250,"2023-09-25"
"271593618","CMB_2",250,"2023-09-25"
"050088226","CMB_2",250,"2023-09-25"
"631419056","CMB_2",250,"2023-09-25"
"641121954","CMB_2",250,"2023-09-25"
"584538829","CMB_2",250,"2023-09-25"
"065071081","CMB_2",250,"2023-09-25"
"342462601","CMB_2",250,"2023-09-25"
"568609049","CMB_2",250,"2023-09-25"
"980366928","CMB_2",250,"2023-09-25"
"490179750","CMB_2",250,"2023-09-25"
"470000365","CMB_2",250,"2023-09-25"
"233865001","CMB_2",250,"2023-09-25"
"378331527","CMB_2",250,"2023-09-25"
"534208218","CMB_2",250,"2023-09-25"
"486356697","CMB_2",250,"2023-09-25"
"641251556","CMB_2",250,"2023-09-25"
"384929748","CMB_2",250,"2023-09-25"
"129989356","CMB_2",250,"2023-09-25"
"192697773","CMB_2",250,"2023-09-25"
"692607658","CMB_2",250,"2023-09-25"
"133821465","CMB_2",250,"2023-09-25"
"855867248","CMB_2",250,"2023-09-25"
"728397633","CMB_2",250,"2023-09-25"
"188214624","CMB_2",250,"2023-09-25"
"860200883","CMB_2",250,"2023-09-25"
"291583202","CMB_2",250,"2023-09-25"
"162865941","CMB_2",250,"2023-09-25"
"907211586","CMB_2",250,"2023-09-25"
"291033289","CMB_2",250,"2023-09-25"
"745507271","CMB_2",250,"2023-09-25"
"829162757","CMB_2",250,"2023-09-25"
"517795522","CMB_2",250,"2023-09-25"
"486763128","CMB_2",250,"2023-09-25"
"113871609","CMB_2",250,"2023-09-25"
"235276899","CMB_2",250,"2023-09-25"
"451515923","CMB_2",250,"2023-09-25"
"156026299","CMB_2",250,"2023-09-25"
"505615143","CMB_2",250,"2023-09-25"
"149229796","CMB_2",250,"2023-09-25"
"640458853","CMB_2",250,"2023-09-25"
"435041262","CMB_2",250,"2023-09-25"
"224122356","CMB_2",250,"2023-09-25"
"741868853","CMB_2",250,"2023-09-25"
"204192848","CMB_2",250,"2023-09-25"
"920115944","CMB_2",250,"2023-09-25"
"441621433","CMB_2",250,"2023-09-25"
"964764559","CMB_2",250,"2023-09-25"
"942982053","CMB_2",250,"2023-09-25"
"491508861","CMB_2",250,"2023-09-25"
"566653110","CMB_2",250,"2023-09-25"
"557280397","CMB_2",250,"2023-09-25"
"251099768","CMB_2",250,"2023-09-25"
"012682010","CMB_2",250,"2023-09-25"
"757407809","CMB_2",250,"2023-09-25"
"915949933","CMB_2",250,"2023-09-25"
"640787045","CMB_2",250,"2023-09-25"
"911381992","CMB_2",250,"2023-09-25"
"091011071","CMB_2",250,"2023-09-25"
"474621350","CMB_2",250,"2023-09-25"
"330067189","CMB_2",250,"2023-09-25"
"054065728","CMB_2",250,"2023-09-25"
"637163475","CMB_2",250,"2023-09-25"
"160859685","CMB_2",250,"2023-09-25"
"007013967","CMB_2",250,"2023-09-25"
"953559421","CMB_2",250,"2023-09-25"
"768500717","CMB_2",250,"2023-09-25"
"818443937","CMB_2",250,"2023-09-25"
"830125464","CMB_2",250,"2023-09-25"
"800362035","CMB_2",250,"2023-09-25"
"323402769","CMB_2",250,"2023-09-25"
"975514009","CMB_2",250,"2023-09-25"
"857382612","CMB_2",250,"2023-09-25"
"692228142","CMB_2",250,"2023-09-25"
"653098683","CMB_2",250,"2023-09-25"
"768412805","CMB_2",250,"2023-09-25"
"592800704","CMB_2",250,"2023-09-25"
"355004419","CMB_2",250,"2023-09-25"
"432299790","CMB_2",250,"2023-09-25"
"112497532","CMB_2",250,"2023-09-25"
"393349403","CMB_2",250,"2023-09-25"
"799505511","CMB_2",250,"2023-09-25"
"403409153","CMB_2",250,"2023-09-25"
"828107594","CMB_2",250,"2023-09-25"
"122966086","CMB_2",250,"2023-09-25"
"762904877","CMB_2",250,"2023-09-25"
"927866602","CMB_2",250,"2023-09-25"
"259106511","CMB_2",250,"2023-09-25"
"195094752","CMB_2",250,"2023-09-25"
"499536279","CMB_2",250,"2023-09-25"
"180345042","CMB_2",250,"2023-09-25"
"551224925","CMB_2",250,"2023-09-25"
"141006925","CMB_2",250,"2023-09-25"
"910864884","CMB_2",250,"2023-09-25"
"624213798","CMB_2",250,"2023-09-25"
"521820708","CMB_2",250,"2023-09-25"
"396043084","CMB_2",250,"2023-09-25"
"543551055","CMB_2",250,"2023-09-25"
"202488984","CMB_2",250,"2023-09-25"
"022340255","CMB_2",250,"2023-09-25"
"549499361","CMB_2",250,"2023-09-25"
"244094554","CMB_2",250,"2023-09-25"
"704902285","CMB_2",250,"2023-09-25"
"709547334","CMB_2",250,"2023-09-25"
"108982657","CMB_2",250,"2023-09-25"
"712562326","CMB_2",250,"2023-09-25"
"578803884","CMB_2",250,"2023-09-25"
"220045273","CMB_2",250,"2023-09-25"
"329827309","CMB_2",250,"2023-09-25"
"337043122","CMB_2",250,"2023-09-25"
"494416426","CMB_2",250,"2023-09-25"
"068564011","CMB_2",250,"2023-09-25"
"915437837","CMB_2",250,"2023-09-25"
"978198306","CMB_2",250,"2023-09-25"
"831441121","CMB_2",250,"2023-09-25"
"388626571","CMB_2",250,"2023-09-25"
"225132889","CMB_2",250,"2023-09-25"
"967640397","CMB_2",250,"2023-09-25"
"620758094","CMB_2",250,"2023-09-25"
"743277748","CMB_2",250,"2023-09-25"
"157831985","CMB_2",250,"2023-09-25"
"889210881","CMB_2",250,"2023-09-25"
"011123939","CMB_2",250,"2023-09-25"
"075273841","CMB_2",250,"2023-09-25"
"067018483","CMB_2",250,"2023-09-25"
"038382821","CMB_2",250,"2023-09-25"
"308873833","CMB_2",250,"2023-09-25"
"108711230","CMB_2",250,"2023-09-25"
"191291828","CMB_2",250,"2023-09-25"
"323628918","CMB_2",250,"2023-09-25"
"888648664","CMB_2",250,"2023-09-25"
"240964416","CMB_2",250,"2023-09-25"
"814105198","CMB_2",250,"2023-09-25"
"685111996","CMB_2",250,"2023-09-25"
"942140335","CMB_2",250,"2023-09-25"
"498953118","CMB_2",250,"2023-09-25"
"526781193","CMB_2",250,"2023-09-25"
"365051069","CMB_2",250,"2023-09-25"
"431644092","CMB_2",250,"2023-09-25"
"097306872","CMB_2",250,"2023-09-25"
"364700839","CMB_2",250,"2023-09-25"
"621257815","CMB_2",250,"2023-09-25"
"288803731","CMB_2",250,"2023-09-25"
"586804309","CMB_2",250,"2023-09-25"
"266827650","CMB_2",250,"2023-09-25"
"845906839","CMB_2",250,"2023-09-25"
"170335007","CMB_2",250,"2023-09-25"
"987507551","CMB_2",250,"2023-09-25"
"802694372","CMB_2",250,"2023-09-25"
"701684675","CMB_2",250,"2023-09-25"
"882916449","CMB_2",250,"2023-09-25"
"262227314","CMB_2",250,"2023-09-25"
"459276730","CMB_2",250,"2023-09-25"
"915623179","CMB_2",250,"2023-09-25"
"955120821","CMB_2",250,"2023-09-25"
"865835142","CMB_2",250,"2023-09-25"
"591186146","CMB_2",250,"2023-09-25"
"011384641","CMB_2",250,"2023-09-25"
"382974177","CMB_2",250,"2023-09-25"
"038226058","CMB_2",250,"2023-09-25"
"135403653","CMB_2",250,"2023-09-25"
"728286864","CMB_2",250,"2023-09-25"
"761716904","CMB_2",250,"2023-09-25"
"344824951","CMB_2",250,"2023-09-25"
"733352015","CMB_2",250,"2023-09-25"
"568135526","CMB_2",250,"2023-09-25"
"468515757","CMB_2",250,"2023-09-25"
"970355450","CMB_2",250,"2023-09-25"
"337862846","CMB_2",250,"2023-09-25"
"121369911","CMB_2",250,"2023-09-25"
"744584283","CMB_2",250,"2023-09-25"
"580069608","CMB_2",250,"2023-09-25"
"995383578","CMB_2",250,"2023-09-25"
"693075434","CMB_2",250,"2023-09-25"
"580553728","CMB_2",250,"2023-09-25"
"444947711","CMB_2",250,"2023-09-25"
"203796277","CMB_2",250,"2023-09-25"
"621010175","CMB_2",250,"2023-09-25"
"611846481","CMB_2",250,"2023-09-25"
"976135458","CMB_2",250,"2023-09-25"
"555971007","CMB_2",250,"2023-09-25"
"476976199","CMB_2",250,"2023-09-25"
"906356902","CMB_2",250,"2023-09-25"
"450736190","CMB_2",250,"2023-09-25"
"365589359","CMB_2",250,"2023-09-25"
"998258306","CMB_2",250,"2023-09-25"
"550596594","CMB_2",250,"2023-09-25"
"409216970","CMB_2",250,"2023-09-25"
"662866920","CMB_2",250,"2023-09-25"
"706940299","CMB_2",250,"2023-09-25"
"777096546","CMB_2",250,"2023-09-25"
"341075535","CMB_2",250,"2023-09-25"
"746543074","CMB_2",250,"2023-09-25"
"808915721","CMB_2",250,"2023-09-25"
"226257117","CMB_2",250,"2023-09-25"
"969165592","CMB_2",250,"2023-09-25"
"846938939","CMB_2",250,"2023-09-25"
"219416128","CMB_2",250,"2023-09-25"
"995214296","CMB_2",250,"2023-09-25"
"587698483","CMB_2",250,"2023-09-25"
"396167463","CMB_2",250,"2023-09-25"
"150178940","CMB_2",250,"2023-09-25"
"546059691","CMB_2",250,"2023-09-25"
"641948540","CMB_2",250,"2023-09-25"
"136743703","CMB_2",250,"2023-09-25"
"620104639","CMB_2",250,"2023-09-25"
"916470941","CMB_2",250,"2023-09-25"
"113661367","CMB_2",250,"2023-09-25"
"119067350","CMB_2",250,"2023-09-25"
"294965296","CMB_2",250,"2023-09-25"
"814639093","CMB_2",250,"2023-09-25"
"459124539","CMB_2",250,"2023-09-25"
"127018394","CMB_2",250,"2023-09-25"
"040816948","CMB_2",250,"2023-09-25"
"281569852","CMB_2",250,"2023-09-25"
"165083044","CMB_2",250,"2023-09-25"
"011333055","CMB_2",250,"2023-09-25"
"672320249","CMB_2",250,"2023-09-25"
"527135148","CMB_2",250,"2023-09-25"
"427357859","CMB_2",250,"2023-09-25"
"901901296","CMB_2",250,"2023-09-25"
"745520811","CMB_2",250,"2023-09-25"
"129739968","CMB_2",250,"2023-09-25"
"898034857","CMB_2",250,"2023-09-25"
"926752687","CMB_2",250,"2023-09-25"
"264969068","CMB_2",250,"2023-09-25"
"536201955","CMB_2",250,"2023-09-25"
"593002435","CMB_2",250,"2023-09-25"
"774730810","CMB_2",250,"2023-09-25"
"113472564","CMB_2",250,"2023-09-25"
"346559125","CMB_2",250,"2023-09-25"
"024063923","CMB_2",250,"2023-09-25"
"828004419","CMB_2",250,"2023-09-25"
"808831176","CMB_2",250,"2023-09-25"
"706184121","CMB_2",250,"2023-09-25"
"861208645","CMB_2",250,"2023-09-25"
"085473403","CMB_2",250,"2023-09-25"
"752405743","CMB_2",250,"2023-09-25"
"517069178","CMB_2",250,"2023-09-25"
"262216595","CMB_2",250,"2023-09-25"
"931242644","CMB_2",250,"2023-09-25"
"962609691","CMB_2",250,"2023-09-25"
"613313305","CMB_2",250,"2023-09-25"
"934500804","CMB_2",250,"2023-09-25"
"707097864","CMB_2",250,"2023-09-25"
"852592782","CMB_2",250,"2023-09-25"
"853903798","CMB_2",250,"2023-09-25"
"287259097","CMB_2",250,"2023-09-25"
"640484177","CMB_2",250,"2023-09-25"
"558099659","CMB_2",250,"2023-09-25"
"140806525","CMB_2",250,"2023-09-25"
"175004816","CMB_2",250,"2023-09-25"
"515555802","CMB_2",250,"2023-09-25"
"918511999","CMB_2",250,"2023-09-25"
"469886334","CMB_2",250,"2023-09-25"
"919356006","CMB_2",250,"2023-09-25"
"065485946","CMB_2",250,"2023-09-25"
"969752244","CMB_2",250,"2023-09-25"
"877289651","CMB_2",250,"2023-09-25"
"357994108","CMB_2",250,"2023-09-25"
"540110919","CMB_2",250,"2023-09-25"
"363411245","CMB_2",250,"2023-09-25"
"219326748","CMB_2",250,"2023-09-25"
"029803285","CMB_2",250,"2023-09-25"
"399353624","CMB_2",250,"2023-09-25"
"419095237","CMB_2",250,"2023-09-25"
"667570220","CMB_2",250,"2023-09-25"
"567296728","CMB_2",250,"2023-09-25"
"481101259","CMB_2",250,"2023-09-25"
"586044535","CMB_2",250,"2023-09-25"
"227856370","CMB_2",250,"2023-09-25"
"439760171","CMB_2",250,"2023-09-25"
"516788893","CMB_2",250,"2023-09-25"
"669930351","CMB_2",250,"2023-09-25"
"048311763","CMB_2",250,"2023-09-25"
"672444251","CMB_2",250,"2023-09-25"
"712108019","CMB_2",250,"2023-09-25"
"649188623","CMB_2",250,"2023-09-25"
"124511217","CMB_2",250,"2023-09-25"
"902301099","CMB_2",250,"2023-09-25"
"383169398","CMB_2",250,"2023-09-25"
"831614540","CMB_2",250,"2023-09-25"
"770183407","CMB_2",250,"2023-09-25"
"732910430","CMB_2",250,"2023-09-25"
"068336065","CMB_2",250,"2023-09-25"
"771705868","CMB_2",250,"2023-09-25"
"556972104","CMB_2",250,"2023-09-25"
"521007112","CMB_2",250,"2023-09-25"
"203562968","CMB_2",250,"2023-09-25"
"322252607","CMB_2",250,"2023-09-25"
"250788111","CMB_2",250,"2023-09-25"
"237648642","CMB_2",250,"2023-09-25"
"463002046","CMB_2",250,"2023-09-25"
"181172084","CMB_2",250,"2023-09-25"
"397532725","CMB_2",250,"2023-09-25"
"345431429","CMB_2",250,"2023-09-25"
"665500276","CMB_2",250,"2023-09-25"
"158816397","CMB_2",250,"2023-09-25"
"055169378","CMB_2",250,"2023-09-25"
"600653442","CMB_2",250,"2023-09-25"
"144943412","CMB_2",250,"2023-09-25"
"420819796","CMB_2",250,"2023-09-25"
"917079867","CMB_2",250,"2023-09-25"
"768963477","CMB_2",250,"2023-09-25"
"432073870","CMB_2",250,"2023-09-25"
"966093395","CMB_2",250,"2023-09-25"
"671810676","CMB_2",250,"2023-09-25"
"469974347","CMB_2",250,"2023-09-25"
"888128681","CMB_2",250,"2023-09-25"
"506856089","CMB_2",250,"2023-09-25"
"891886996","CMB_2",250,"2023-09-25"
"378255069","CMB_2",250,"2023-09-25"
"118843027","CMB_2",250,"2023-09-25"
"584459460","CMB_2",250,"2023-09-25"
"485106739","CMB_2",250,"2023-09-25"
"416656413","CMB_2",250,"2023-09-25"
"508646685","CMB_2",250,"2023-09-25"
"286511943","CMB_2",250,"2023-09-25"
"962452237","CMB_2",250,"2023-09-25"
"128118784","CMB_2",250,"2023-09-25"
"836803662","CMB_2",250,"2023-09-25"
"388766278","CMB_2",250,"2023-09-25"
"630932378","CMB_2",250,"2023-09-25"
"715039160","CMB_2",250,"2023-09-25"
"091256842","CMB_2",250,"2023-09-25"
"315481820","CMB_2",250,"2023-09-25"
"335452138","CMB_2",250,"2023-09-25"
"947854728","CMB_2",250,"2023-09-25"
"163339427","CMB_2",250,"2023-09-25"
"241914189","CMB_2",250,"2023-09-25"
"594235358","CMB_2",250,"2023-09-25"
"398247310","CMB_2",250,"2023-09-25"
"949756042","CMB_2",250,"2023-09-25"
"724757063","CMB_2",250,"2023-09-25"
"151225671","CMB_2",250,"2023-09-25"
"840167681","CMB_2",250,"2023-09-25"
"655604145","CMB_2",250,"2023-09-25"
"053447671","CMB_2",250,"2023-09-25"
"972198624","CMB_2",250,"2023-09-25"
"793658003","CMB_2",250,"2023-09-25"
"753825230","CMB_2",250,"2023-09-25"
"600049825","CMB_2",250,"2023-09-25"
"507107325","CMB_2",250,"2023-09-25"
"300414036","CMB_2",250,"2023-09-25"
"375279761","CMB_2",250,"2023-09-25"
"131386446","CMB_2",250,"2023-09-25"
